timestamp,price
2025-09-29T05:09:13.248Z,0.44659000566229295
2025-09-29T05:12:13.473Z,0.44564697700314815
2025-09-29T05:15:17.781Z,0.44586959032610823
2025-09-29T05:18:12.983Z,0.44585204798105327
2025-09-29T05:21:09.527Z,0.4455901293257621
2025-09-29T05:24:15.675Z,0.4462461118593929
2025-09-29T05:27:08.070Z,0.4472346385114585
2025-09-29T05:30:15.374Z,0.4469978353679988
2025-09-29T05:33:11.012Z,0.447300312021228
2025-09-29T05:36:12.744Z,0.44726195985982853
2025-09-29T05:39:08.220Z,0.4474332271806174
2025-09-29T05:42:12.608Z,0.44744726870879586
2025-09-29T05:45:12.372Z,0.4478867662942073
2025-09-29T05:48:11.533Z,0.4483041112709064
2025-09-29T05:51:06.794Z,0.44822267475332644
2025-09-29T05:54:14.385Z,0.44846326220340776
2025-09-29T05:57:11.304Z,0.4482966327349386
2025-09-29T06:00:17.355Z,0.4478711020261953
2025-09-29T06:03:46.234Z,0.44628843841670207
2025-09-29T06:06:15.226Z,0.446844200587679
2025-09-29T06:09:13.966Z,0.4470672565877607
2025-09-29T06:12:10.740Z,0.4451971036521364
2025-09-29T06:15:15.621Z,0.44482227284864656
2025-09-29T06:18:27.486Z,0.44529663722178936
2025-09-29T06:21:11.394Z,0.4461131577081255
2025-09-29T06:24:10.222Z,0.44561788077812753
2025-09-29T06:27:11.435Z,0.4457741290374751
2025-09-29T06:30:18.427Z,0.4450325958241646
2025-09-29T06:33:12.419Z,0.44536990620654193
2025-09-29T06:36:14.767Z,0.4450880664782681
2025-09-29T06:39:13.573Z,0.44518693075698323
2025-09-29T06:42:12.906Z,0.4458669997947118
2025-09-29T06:45:15.430Z,0.44580352245188637
2025-09-29T06:48:24.606Z,0.44527603382753983
2025-09-29T06:51:10.441Z,0.4458703447122221
2025-09-29T06:54:15.305Z,0.4451403301147887
2025-09-29T06:57:13.756Z,0.44498158374631824
2025-09-29T07:00:19.223Z,0.4442734017523955
2025-09-29T07:03:07.880Z,0.4444520684669494
2025-09-29T07:06:13.313Z,0.44405061881271135
2025-09-29T07:09:12.720Z,0.4442875699771382
2025-09-29T07:12:13.710Z,0.4449471924490077
2025-09-29T07:15:17.376Z,0.44452716851433444
2025-09-29T07:18:18.630Z,0.44367982395168654
2025-09-29T07:21:13.460Z,0.4433400067342806
2025-09-29T07:24:13.616Z,0.4429463603093836
2025-09-29T07:27:11.217Z,0.44321259778641386
2025-09-29T07:30:17.534Z,0.4432198103758815
2025-09-29T07:33:12.656Z,0.4428517468354061
2025-09-29T07:36:12.027Z,0.443320417307407
2025-09-29T07:39:12.183Z,0.44537022204394683
2025-09-29T07:42:13.601Z,0.44463710389603944
2025-09-29T07:45:16.776Z,0.4451821215427014
2025-09-29T07:48:15.481Z,0.4449144082665254
2025-09-29T07:51:12.716Z,0.4452106562560729
2025-09-29T07:55:04.063Z,0.44582450763863496
2025-09-29T07:57:09.233Z,0.4456491313677768
2025-09-29T08:00:19.813Z,0.44530848308776166
2025-09-29T08:03:46.746Z,0.44621348768980956
2025-09-29T08:06:11.895Z,0.4452044204591079
2025-09-29T08:09:11.251Z,0.44497155163176194
2025-09-29T08:12:09.779Z,0.4463836916082337
2025-09-29T08:15:14.752Z,0.4459513348307342
2025-09-29T08:18:54.847Z,0.44495376848516055
2025-09-29T08:21:14.018Z,0.44455953597018333
2025-09-29T08:24:12.602Z,0.44464654122406927
2025-09-29T08:27:14.997Z,0.4453444982909899
2025-09-29T08:30:17.800Z,0.44577885438969767
2025-09-29T08:33:12.201Z,0.4452084892647324
2025-09-29T08:36:13.492Z,0.4460209551112732
2025-09-29T08:39:08.602Z,0.4451685703867626
2025-09-29T08:42:13.782Z,0.44570836766278876
2025-09-29T08:45:14.876Z,0.4459839294286288
2025-09-29T08:48:18.009Z,0.44650743092642425
2025-09-29T08:51:12.919Z,0.4463995529324364
2025-09-29T08:54:13.135Z,0.44713164009217915
2025-09-29T08:57:14.748Z,0.44673999480420795
2025-09-29T09:00:21.994Z,0.44643258945650777
2025-09-29T09:03:13.831Z,0.44714232176321617
2025-09-29T09:06:16.528Z,0.4476741319567518
2025-09-29T09:09:11.600Z,0.4475864987528999
2025-09-29T09:12:11.164Z,0.4468239610536075
2025-09-29T09:15:14.264Z,0.44673177059205066
2025-09-29T09:18:11.154Z,0.44555644146513784
2025-09-29T09:21:14.738Z,0.445533193587189
2025-09-29T09:24:11.769Z,0.4457489287324299
2025-09-29T09:27:12.496Z,0.44571451909374793
2025-09-29T09:30:17.987Z,0.44566578721944383
2025-09-29T09:33:19.367Z,0.4455193340438756
2025-09-29T09:36:11.386Z,0.44566541231631124
2025-09-29T09:39:08.276Z,0.44567267833618407
2025-09-29T09:42:10.000Z,0.4450945617895157
2025-09-29T09:45:12.091Z,0.4439411400354658
2025-09-29T09:48:14.620Z,0.4440759924277638
2025-09-29T09:51:11.545Z,0.44374437612072404
2025-09-29T09:54:09.337Z,0.44362397136763926
2025-09-29T09:57:08.468Z,0.44376329079825777
2025-09-29T10:00:19.836Z,0.4433578729284184
2025-09-29T10:03:38.571Z,0.4443975401587842
2025-09-29T10:06:14.122Z,0.4439275170290918
2025-09-29T10:09:09.947Z,0.4441914670378864
2025-09-29T10:12:15.095Z,0.44402115391426894
2025-09-29T10:15:17.030Z,0.44415565682001507
2025-09-29T10:18:50.028Z,0.4443184786460842
2025-09-29T10:21:16.471Z,0.4446369539330125
2025-09-29T10:24:11.183Z,0.4445137983781918
2025-09-29T10:27:13.288Z,0.4443121740248971
2025-09-29T10:30:15.244Z,0.44487354416010555
2025-09-29T10:33:17.552Z,0.4446783338807935
2025-09-29T10:36:12.206Z,0.44347028771190977
2025-09-29T10:39:14.117Z,0.442446519682459
2025-09-29T10:42:14.636Z,0.44364705091506973
2025-09-29T10:45:13.998Z,0.4423728515934514
2025-09-29T10:48:12.232Z,0.4426994928949276
2025-09-29T10:51:07.695Z,0.4419238215143612
2025-09-29T10:55:24.755Z,0.44178418501233485
2025-09-29T10:57:14.497Z,0.44171141752198406
2025-09-29T11:00:17.352Z,0.4411402192110772
2025-09-29T11:03:09.803Z,0.44016470662649965
2025-09-29T11:06:12.328Z,0.4388979419538652
2025-09-29T11:09:12.542Z,0.4380207297836212
2025-09-29T11:12:11.384Z,0.4379905201624124
2025-09-29T11:15:16.220Z,0.4378104840664082
2025-09-29T11:18:13.224Z,0.4378858472782906
2025-09-29T11:21:11.720Z,0.4387284384
2025-09-29T11:24:13.147Z,0.4385511280255241
2025-09-29T11:27:11.483Z,0.4393624308536084
2025-09-29T11:30:16.909Z,0.4399540155139688
2025-09-29T11:33:17.333Z,0.4396698070789837
2025-09-29T11:36:13.434Z,0.4402695629721346
2025-09-29T11:39:11.076Z,0.43986467810025087
2025-09-29T11:42:09.945Z,0.43969239932384907
2025-09-29T11:45:12.831Z,0.44029858250412296
2025-09-29T11:48:15.074Z,0.4402885862028516
2025-09-29T11:51:10.667Z,0.4399127274483609
2025-09-29T11:54:12.628Z,0.43994391981530606
2025-09-29T11:57:13.594Z,0.44009682495378527
2025-09-29T12:00:18.892Z,0.43974603697320397
2025-09-29T12:04:02.875Z,0.43910865859135084
2025-09-29T12:06:12.027Z,0.4388670118643247
2025-09-29T12:09:10.657Z,0.4387647112202096
2025-09-29T12:12:12.932Z,0.43897267280909824
2025-09-29T12:15:13.352Z,0.4390067537264555
2025-09-29T12:18:50.678Z,0.4395301678470763
2025-09-29T12:21:12.065Z,0.4389919083508388
2025-09-29T12:24:10.589Z,0.4402951381581398
2025-09-29T12:27:09.915Z,0.44034912719463826
2025-09-29T12:30:16.943Z,0.44116743697574345
2025-09-29T12:33:11.870Z,0.4410471384409592
2025-09-29T12:36:10.575Z,0.44084084763500825
2025-09-29T12:39:14.170Z,0.4379882099480317
2025-09-29T12:42:12.886Z,0.43838490282456627
2025-09-29T12:45:12.204Z,0.4370612553289344
2025-09-29T12:48:13.075Z,0.4377792947436528
2025-09-29T12:51:11.538Z,0.4372487503560695
2025-09-29T12:54:13.186Z,0.43726140825161786
2025-09-29T12:57:10.982Z,0.4363050894601775
2025-09-29T13:00:18.095Z,0.4361198731909789
2025-09-29T13:03:10.531Z,0.4332414097099939
2025-09-29T13:06:12.982Z,0.43477869719375856
2025-09-29T13:09:11.471Z,0.4342951016039667
2025-09-29T13:12:12.761Z,0.43481331040413584
2025-09-29T13:15:14.190Z,0.4345415360591549
2025-09-29T13:18:11.038Z,0.4361801507011231
2025-09-29T13:21:10.308Z,0.4365392729656187
2025-09-29T13:24:11.126Z,0.43576488424883436
2025-09-29T13:27:21.899Z,0.4359512128846277
2025-09-29T13:30:14.213Z,0.43537065642587247
2025-09-29T13:33:08.692Z,0.4351069484008257
2025-09-29T13:36:18.202Z,0.43488647570303934
2025-09-29T13:39:10.808Z,0.4365656034287306
2025-09-29T13:42:15.145Z,0.43665695475139515
2025-09-29T13:45:14.781Z,0.44193346045509824
2025-09-29T13:48:10.429Z,0.44145718974205833
2025-09-29T13:51:07.838Z,0.44170089946690094
2025-09-29T13:54:16.418Z,0.44333657340494304
2025-09-29T13:57:15.123Z,0.4428385531885782
2025-09-29T14:00:23.619Z,0.44239537829741393
2025-09-29T14:03:33.057Z,0.4444449601257974
2025-09-29T14:06:14.235Z,0.444103791492206
2025-09-29T14:09:14.576Z,0.4444001954559465
2025-09-29T14:12:11.808Z,0.44577311774080086
2025-09-29T14:15:14.090Z,0.4476064353255269
2025-09-29T14:19:00.262Z,0.4474529194731105
2025-09-29T14:21:13.969Z,0.4481679910375771
2025-09-29T14:24:08.953Z,0.44746413135079033
2025-09-29T14:27:17.471Z,0.4488529297840682
2025-09-29T14:30:20.377Z,0.4486687406554459
2025-09-29T14:33:15.071Z,0.4489097951489539
2025-09-29T14:36:14.322Z,0.44764584920925443
2025-09-29T14:39:13.964Z,0.44891404422907
2025-09-29T14:42:13.365Z,0.4495624453419648
2025-09-29T14:45:12.318Z,0.4479142988315842
2025-09-29T14:48:13.174Z,0.45067137739272617
2025-09-29T14:51:09.589Z,0.4492681805533689
2025-09-29T14:54:12.594Z,0.45080398121928683
2025-09-29T14:57:09.330Z,0.4513288363262123
2025-09-29T15:00:20.218Z,0.45086893023465224
2025-09-29T15:03:10.601Z,0.45126096420100537
2025-09-29T15:06:13.369Z,0.4529988051059263
2025-09-29T15:09:12.449Z,0.4512660407940595
2025-09-29T15:12:12.702Z,0.4490319882234618
2025-09-29T15:15:16.764Z,0.44838723347568765
2025-09-29T15:18:14.410Z,0.44713383930300865
2025-09-29T15:21:11.781Z,0.4481251259921872
2025-09-29T15:24:16.129Z,0.4472184030972568
2025-09-29T15:27:15.180Z,0.4464095076352657
2025-09-29T15:30:15.206Z,0.44699396143772846
2025-09-29T15:33:11.958Z,0.44623636786690957
2025-09-29T15:36:13.757Z,0.4478728656716883
2025-09-29T15:39:11.906Z,0.44744740083043255
2025-09-29T15:42:09.626Z,0.44782719051588343
2025-09-29T15:45:14.556Z,0.4472091640808474
2025-09-29T15:48:14.708Z,0.4475326802258793
2025-09-29T15:51:09.868Z,0.44518785838229835
2025-09-29T15:54:11.569Z,0.4451369697774894
2025-09-29T15:57:10.401Z,0.44559673839212527
2025-09-29T16:00:17.092Z,0.4456636333310801
2025-09-29T16:03:57.511Z,0.446991391227432
2025-09-29T16:06:13.166Z,0.4464082088745699
2025-09-29T16:09:14.071Z,0.445970459707984
2025-09-29T16:12:10.548Z,0.4469333036028053
2025-09-29T16:15:14.009Z,0.446979244863045
2025-09-29T16:19:26.687Z,0.44603267717498485
2025-09-29T16:21:09.837Z,0.44574016761444585
2025-09-29T16:24:12.495Z,0.44517608204963716
2025-09-29T16:27:10.932Z,0.44513094986100976
2025-09-29T16:30:20.464Z,0.44507302948879696
2025-09-29T16:33:14.441Z,0.4454776510552914
2025-09-29T16:36:18.046Z,0.44595873083378085
2025-09-29T16:39:13.231Z,0.4451392547212338
2025-09-29T16:42:12.508Z,0.44480939452128765
2025-09-29T16:45:14.939Z,0.4452636754803414
2025-09-29T16:48:11.669Z,0.4444110623238853
2025-09-29T16:51:11.344Z,0.442874537538755
2025-09-29T16:54:14.125Z,0.44201898454480354
2025-09-29T16:57:12.913Z,0.4416480354370557
2025-09-29T17:00:18.941Z,0.44125215065663825
2025-09-29T17:03:15.204Z,0.4407174431987714
2025-09-29T17:06:14.251Z,0.4401487970098866
2025-09-29T17:09:15.812Z,0.43972336014305385
2025-09-29T17:12:14.714Z,0.4412094419469993
2025-09-29T17:15:13.107Z,0.4401318084063532
2025-09-29T17:18:13.499Z,0.4393873836615743
2025-09-29T17:21:12.169Z,0.4397841504676833
2025-09-29T17:24:13.598Z,0.4406002715609117
2025-09-29T17:27:09.782Z,0.4397012138630926
2025-09-29T17:30:19.613Z,0.44066103026491066
2025-09-29T17:33:09.635Z,0.4399910778112755
2025-09-29T17:36:13.186Z,0.4405562708180456
2025-09-29T17:39:11.692Z,0.4413908483567133
2025-09-29T17:42:24.302Z,0.4420220781941435
2025-09-29T17:45:13.409Z,0.4412139222656896
2025-09-29T17:48:10.441Z,0.44243606170979743
2025-09-29T17:51:09.497Z,0.44184434109228626
2025-09-29T17:54:12.646Z,0.4419595532099049
2025-09-29T17:57:12.592Z,0.4435514803267903
2025-09-29T18:00:20.048Z,0.4427323195381157
2025-09-29T18:04:03.334Z,0.44262547074687286
2025-09-29T18:06:12.077Z,0.44226194722412776
2025-09-29T18:09:08.982Z,0.44143520419613447
2025-09-29T18:12:13.010Z,0.44068765276353444
2025-09-29T18:15:18.086Z,0.4403770576418587
2025-09-29T18:19:17.413Z,0.4406855723789176
2025-09-29T18:21:09.766Z,0.4405138883312634
2025-09-29T18:24:17.022Z,0.4396457537361611
2025-09-29T18:27:12.919Z,0.4395576925557106
2025-09-29T18:30:18.806Z,0.4401742216435149
2025-09-29T18:33:11.237Z,0.4394326862836746
2025-09-29T18:36:13.983Z,0.44025935849818687
2025-09-29T18:39:10.030Z,0.43990819261367237
2025-09-29T18:42:15.096Z,0.44013725173597495
2025-09-29T18:45:16.000Z,0.44080430117652386
2025-09-29T18:48:12.868Z,0.4417282434333191
2025-09-29T18:51:13.422Z,0.44110000622696605
2025-09-29T18:54:14.342Z,0.4405177486969588
2025-09-29T18:57:12.811Z,0.439763321023535
2025-09-29T19:00:23.852Z,0.4407552313258196
2025-09-29T19:03:10.975Z,0.4407285969743923
2025-09-29T19:06:13.787Z,0.44164952256662854
2025-09-29T19:09:12.571Z,0.44125046963352804
2025-09-29T19:12:09.571Z,0.4411847631362093
2025-09-29T19:15:14.313Z,0.4425883501867896
2025-09-29T19:18:10.418Z,0.441964497982795
2025-09-29T19:21:11.926Z,0.4413042755005867
2025-09-29T19:24:27.205Z,0.4419441047880284
2025-09-29T19:27:10.712Z,0.4423022408588332
2025-09-29T19:30:19.897Z,0.4418435354369512
2025-09-29T19:33:11.242Z,0.4405104877510289
2025-09-29T19:36:09.681Z,0.4404959109518335
2025-09-29T19:39:11.794Z,0.441016764160534
2025-09-29T19:42:14.381Z,0.44110353586281414
2025-09-29T19:45:14.922Z,0.44176642475564853
2025-09-29T19:48:14.516Z,0.4431225431843777
2025-09-29T19:51:08.286Z,0.44341961781951894
2025-09-29T19:54:10.894Z,0.44291333710973935
2025-09-29T19:57:17.345Z,0.44322825786191744
2025-09-29T20:00:17.695Z,0.44449621222595576
2025-09-29T20:03:41.817Z,0.4441706907544713
2025-09-29T20:06:14.905Z,0.44454932769284716
2025-09-29T20:09:11.796Z,0.44649790061445
2025-09-29T20:12:13.516Z,0.4456196714104691
2025-09-29T20:15:12.661Z,0.44735139948254893
2025-09-29T20:18:54.246Z,0.4465629915952597
2025-09-29T20:21:11.572Z,0.4450767252375152
2025-09-29T20:24:11.940Z,0.4464046614777676
2025-09-29T20:27:10.825Z,0.4461331281752654
2025-09-29T20:30:16.665Z,0.44643528164013746
2025-09-29T20:33:10.945Z,0.4463491100017321
2025-09-29T20:36:12.530Z,0.4475326565705874
2025-09-29T20:39:13.899Z,0.4473913633047508
2025-09-29T20:42:16.319Z,0.4474329399343324
2025-09-29T20:45:14.465Z,0.44793100980997497
2025-09-29T20:48:13.521Z,0.4486303546297258
2025-09-29T20:51:11.179Z,0.44850400576443705
2025-09-29T20:54:13.527Z,0.44848886148332495
2025-09-29T20:57:12.461Z,0.448517199480917
2025-09-29T21:00:19.007Z,0.4488608425931504
2025-09-29T21:03:10.889Z,0.4488856172910592
2025-09-29T21:06:13.465Z,0.4488791089840293
2025-09-29T21:11:07.696Z,0.4488004562633393
2025-09-29T21:12:12.866Z,0.44921328385675513
2025-09-29T21:16:18.770Z,0.44877195660076125
2025-09-29T21:18:11.120Z,0.4487264949724935
2025-09-29T21:21:33.619Z,0.4486526999574708
2025-09-29T21:24:12.708Z,0.448913147836445
2025-09-29T21:27:35.397Z,0.44912370408113494
2025-09-29T21:30:18.100Z,0.44822406743854787
2025-09-29T21:33:11.912Z,0.4487460214698681
2025-09-29T21:36:10.008Z,0.44740744307809505
2025-09-29T21:39:13.617Z,0.4479408955153732
2025-09-29T21:42:15.763Z,0.44759811555504386
2025-09-29T21:45:12.969Z,0.447945708223932
2025-09-29T21:48:17.674Z,0.44753399590530996
2025-09-29T21:52:36.348Z,0.4468676227332059
2025-09-29T21:54:12.842Z,0.44633513093978944
2025-09-29T21:57:12.306Z,0.4467533437744151
2025-09-29T22:00:22.426Z,0.44674655541386915
2025-09-29T22:03:39.104Z,0.44551489516630055
2025-09-29T22:06:10.881Z,0.44569597483524787
2025-09-29T22:09:12.050Z,0.44445474947929414
2025-09-29T22:12:11.031Z,0.4439956324938304
2025-09-29T22:15:13.122Z,0.4439065198615055
2025-09-29T22:19:26.947Z,0.44427137718481585
2025-09-29T22:21:11.077Z,0.4434999111268638
2025-09-29T22:24:10.682Z,0.44326052205679395
2025-09-29T22:27:09.961Z,0.44320939325632097
2025-09-29T22:30:14.487Z,0.44374120685235113
2025-09-29T22:33:13.313Z,0.444115637463716
2025-09-29T22:36:14.355Z,0.44299456354955014
2025-09-29T22:39:12.596Z,0.4430469550112137
2025-09-29T22:42:14.123Z,0.44288239783383926
2025-09-29T22:45:17.851Z,0.44312020989458983
2025-09-29T22:48:12.154Z,0.4437541396359176
2025-09-29T22:51:10.018Z,0.44306716120880224
2025-09-29T22:54:14.369Z,0.4429621105338896
2025-09-29T22:57:07.872Z,0.44377115495569114
2025-09-29T23:00:15.440Z,0.4428593816473703
2025-09-29T23:03:14.209Z,0.4428884725898132
2025-09-29T23:06:11.811Z,0.44293686841170077
2025-09-29T23:09:11.696Z,0.44256778091676496
2025-09-29T23:12:13.988Z,0.4420314933289541
2025-09-29T23:15:14.368Z,0.4410497973969823
2025-09-29T23:18:09.275Z,0.4406628403137
2025-09-29T23:21:07.210Z,0.4409640502635509
2025-09-29T23:24:10.414Z,0.4412044384102935
2025-09-29T23:27:10.446Z,0.4410299370818497
2025-09-29T23:30:15.453Z,0.44063489796433536
2025-09-29T23:33:11.901Z,0.44136524848033937
2025-09-29T23:36:14.224Z,0.44112741157680263
2025-09-29T23:39:08.303Z,0.4410458596185362
2025-09-29T23:42:10.663Z,0.44081252321052666
2025-09-29T23:45:14.440Z,0.44060294234839426
2025-09-29T23:48:10.507Z,0.4402061953643057
2025-09-29T23:51:11.936Z,0.43999223105185464
2025-09-29T23:54:13.761Z,0.43982639564468884
2025-09-29T23:57:13.146Z,0.4397666979617175
2025-09-30T00:00:18.702Z,0.4397815274126203
2025-09-30T00:03:50.328Z,0.4395039031066674
2025-09-30T00:06:09.779Z,0.43961686872478356
2025-09-30T00:09:10.723Z,0.4394580742047578
2025-09-30T00:12:12.411Z,0.44106478623887285
2025-09-30T00:15:13.609Z,0.43949421286509444
2025-09-30T00:19:44.990Z,0.4360649588299268
2025-09-30T00:21:11.312Z,0.43630818300850815
2025-09-30T00:24:15.208Z,0.4359453148162665
2025-09-30T00:27:12.937Z,0.4345710085466886
2025-09-30T00:30:17.358Z,0.43555414823382244
2025-09-30T00:33:12.038Z,0.4354262941408697
2025-09-30T00:36:15.279Z,0.4357480787600036
2025-09-30T00:39:12.158Z,0.4364437447612388
2025-09-30T00:42:11.194Z,0.4368808712571721
2025-09-30T00:45:18.508Z,0.4373381190689299
2025-09-30T00:48:12.241Z,0.43585720380984794
2025-09-30T00:51:12.793Z,0.43586685641390466
2025-09-30T00:54:12.606Z,0.4350453567644831
2025-09-30T00:57:10.932Z,0.4353122745035837
2025-09-30T01:00:18.622Z,0.4344506135909929
2025-09-30T01:03:12.856Z,0.4342195973451564
2025-09-30T01:06:14.483Z,0.4340231759248404
2025-09-30T01:09:11.594Z,0.43556046376089214
2025-09-30T01:12:15.464Z,0.4350726745727235
2025-09-30T01:15:17.628Z,0.43743250714631593
2025-09-30T01:18:12.090Z,0.4363255245951921
2025-09-30T01:21:09.472Z,0.43593538021279865
2025-09-30T01:24:11.311Z,0.4369488073981637
2025-09-30T01:27:12.023Z,0.4377157751612266
2025-09-30T01:30:18.875Z,0.43744060854590006
2025-09-30T01:33:10.410Z,0.43442688188827194
2025-09-30T01:47:46.585Z,0.43231383071981977
2025-09-30T01:56:38.155Z,0.4336775456208714
2025-09-30T02:06:37.972Z,0.43444435398964115
2025-09-30T02:23:12.201Z,0.4344459444946723
2025-09-30T02:26:18.063Z,0.43467090718190626
2025-09-30T02:27:09.315Z,0.43506980346286867
2025-09-30T02:32:49.511Z,0.43448291713418397
2025-09-30T02:33:08.501Z,0.4342632014462213
2025-09-30T02:36:13.445Z,0.43380147006396674
2025-09-30T02:40:29.694Z,0.43417151697287254
2025-09-30T02:42:09.758Z,0.4342865034995694
2025-09-30T02:45:14.839Z,0.434118186372765
2025-09-30T02:48:13.578Z,0.4342317842950403
2025-09-30T02:51:12.719Z,0.4333131205285717
2025-09-30T02:54:14.006Z,0.4335460094110406
2025-09-30T02:57:07.984Z,0.433176606787718
2025-09-30T03:00:18.170Z,0.4328884179989261
2025-09-30T03:03:12.704Z,0.43382383256757273
2025-09-30T03:06:12.228Z,0.43401599739225266
2025-09-30T03:09:07.291Z,0.43325596204621974
2025-09-30T03:12:13.217Z,0.43271137643373114
2025-09-30T03:15:14.941Z,0.43365060864874
2025-09-30T03:18:12.423Z,0.4349421878775407
2025-09-30T03:21:11.426Z,0.4358471337305476
2025-09-30T03:24:13.436Z,0.4356097072753222
2025-09-30T03:27:08.257Z,0.43534064086979957
2025-09-30T03:30:15.359Z,0.43510311506730887
2025-09-30T03:33:10.645Z,0.4344690227637585
2025-09-30T03:36:16.459Z,0.43431050057856946
2025-09-30T03:39:12.115Z,0.43402761031629566
2025-09-30T03:42:12.630Z,0.4348607737361479
2025-09-30T03:45:14.127Z,0.43541851662844533
2025-09-30T03:48:14.344Z,0.434037531864698
2025-09-30T03:51:11.553Z,0.43373145135708707
2025-09-30T03:54:11.008Z,0.43300526233749315
2025-09-30T03:57:08.139Z,0.4329280700147573
2025-09-30T04:00:20.080Z,0.4327605914420054
2025-09-30T04:03:32.999Z,0.43356146780092175
2025-09-30T04:06:12.878Z,0.43369185260813986
2025-09-30T04:09:13.542Z,0.4333294855669169
2025-09-30T04:12:12.972Z,0.4341109500639511
2025-09-30T04:15:12.047Z,0.4336211644546846
2025-09-30T04:18:48.956Z,0.4342728567626215
2025-09-30T04:21:10.758Z,0.4344608824117202
2025-09-30T04:24:09.668Z,0.4350753107248838
2025-09-30T04:27:13.459Z,0.4347570259848536
2025-09-30T04:30:15.537Z,0.4353106558579685
2025-09-30T04:33:11.818Z,0.43522080912739936
2025-09-30T04:36:13.033Z,0.43498074392122754
2025-09-30T04:39:09.841Z,0.4351022747008266
2025-09-30T04:42:10.503Z,0.43470918266959313
2025-09-30T04:45:15.434Z,0.43514673736441045
2025-09-30T04:48:12.131Z,0.4344333772498278
2025-09-30T04:51:10.292Z,0.43394386913699196
2025-09-30T04:54:10.083Z,0.43405966785033434
2025-09-30T04:57:12.653Z,0.4342904518095137
2025-09-30T05:00:19.682Z,0.4334124563862244
2025-09-30T05:03:11.935Z,0.43339346024502096
2025-09-30T05:06:13.085Z,0.43434979008542784
2025-09-30T05:09:11.625Z,0.4343135571425816
2025-09-30T05:12:15.213Z,0.434644765988441
2025-09-30T05:15:10.873Z,0.43402400768990734
2025-09-30T05:18:13.417Z,0.4339094739918643
2025-09-30T05:21:12.330Z,0.4341844384545258
2025-09-30T05:24:15.741Z,0.4346306200926904
2025-09-30T05:27:12.234Z,0.4340410844834015
2025-09-30T05:30:14.793Z,0.4343294571604276
2025-09-30T05:33:11.749Z,0.4347840946649753
2025-09-30T05:36:08.207Z,0.4340011547709954
2025-09-30T05:39:13.431Z,0.43378423713629616
2025-09-30T05:42:10.554Z,0.4342065742834423
2025-09-30T05:45:14.516Z,0.4334345590714535
2025-09-30T05:48:11.246Z,0.43326179778857843
2025-09-30T05:51:10.648Z,0.4353066770207894
2025-09-30T05:54:10.537Z,0.4343042722770891
2025-09-30T05:57:12.242Z,0.4341513091674978
2025-09-30T06:00:18.467Z,0.43322694188965144
2025-09-30T06:03:25.155Z,0.4345860468683611
2025-09-30T06:06:14.004Z,0.4329111506972883
2025-09-30T06:11:47.744Z,0.4334845491616082
2025-09-30T06:12:12.484Z,0.4329390664632794
2025-09-30T06:15:11.799Z,0.4331753463680495
2025-09-30T06:19:04.583Z,0.4329666226128804
2025-09-30T06:21:11.697Z,0.4318066989325526
2025-09-30T06:24:15.374Z,0.432042987968139
2025-09-30T06:27:14.225Z,0.43212336023902953
2025-09-30T06:30:15.188Z,0.43190592747712125
2025-09-30T06:33:10.645Z,0.430739689385859
2025-09-30T06:36:11.002Z,0.43162418688896703
2025-09-30T06:39:10.623Z,0.43139667643960206
2025-09-30T06:42:13.361Z,0.4316164430746179
2025-09-30T06:45:12.252Z,0.43120244308208505
2025-09-30T06:48:17.447Z,0.4312215712743623
2025-09-30T06:51:11.362Z,0.4309325656026797
2025-09-30T06:54:13.130Z,0.4306809142248894
2025-09-30T06:57:12.663Z,0.4310410269697937
2025-09-30T07:00:31.074Z,0.4298713778428628
2025-09-30T07:03:13.687Z,0.43064935302206336
2025-09-30T07:06:09.540Z,0.43137382492373944
2025-09-30T07:09:11.433Z,0.43097598608530446
2025-09-30T07:12:15.335Z,0.4308491370286644
2025-09-30T07:15:18.904Z,0.43077578084166956
2025-09-30T07:18:12.642Z,0.4302118766853701
2025-09-30T07:21:09.246Z,0.429970333433459
2025-09-30T07:24:15.665Z,0.4299218855544521
2025-09-30T07:27:08.855Z,0.4300090088738128
2025-09-30T07:30:16.329Z,0.4297076987578803
2025-09-30T07:33:11.267Z,0.42963167432315214
2025-09-30T07:36:14.320Z,0.4295621523380606
2025-09-30T07:39:10.322Z,0.427979307805761
2025-09-30T07:42:09.291Z,0.42834170394508786
2025-09-30T07:45:17.082Z,0.4280217839042782
2025-09-30T07:48:13.123Z,0.4289527416876794
2025-09-30T07:51:13.560Z,0.4295355850606493
2025-09-30T07:54:12.970Z,0.4297097921496411
2025-09-30T07:57:09.742Z,0.4297714569379595
2025-09-30T08:00:28.508Z,0.4301831661390302
2025-09-30T08:03:29.962Z,0.4310407947248146
2025-09-30T08:06:18.716Z,0.4302166829203831
2025-09-30T08:09:11.551Z,0.42965295616507665
2025-09-30T08:12:10.859Z,0.43006183285291594
2025-09-30T08:15:16.109Z,0.429390726626746
2025-09-30T08:19:23.546Z,0.42828068028627153
2025-09-30T08:21:10.266Z,0.4286843993279255
2025-09-30T08:24:11.157Z,0.428972661961592
2025-09-30T08:27:13.502Z,0.42841928800195545
2025-09-30T08:30:17.387Z,0.42811235471169795
2025-09-30T08:33:13.444Z,0.4290463596436134
2025-09-30T08:36:11.955Z,0.4290710764659409
2025-09-30T08:39:11.208Z,0.4282060058931938
2025-09-30T08:42:12.820Z,0.4279596161105084
2025-09-30T08:45:12.206Z,0.42817819154442344
2025-09-30T08:48:16.236Z,0.4283483757331552
2025-09-30T08:51:12.043Z,0.42738909208058606
2025-09-30T08:54:10.891Z,0.4275091246520439
2025-09-30T08:57:13.171Z,0.42815827363501835
2025-09-30T09:00:20.796Z,0.4277937310435294
2025-09-30T09:03:14.519Z,0.4269950990269304
2025-09-30T09:06:10.076Z,0.4273892867614626
2025-09-30T09:09:15.928Z,0.427731925118161
2025-09-30T09:12:13.562Z,0.427237536558889
2025-09-30T09:15:15.471Z,0.42591057660964216
2025-09-30T09:18:12.629Z,0.426682135113688
2025-09-30T09:21:08.048Z,0.42776318321702955
2025-09-30T09:24:14.604Z,0.4276643261511699
2025-09-30T09:27:11.369Z,0.4273500996836989
2025-09-30T09:30:16.667Z,0.4281083885605365
2025-09-30T09:33:10.685Z,0.4276453646819536
2025-09-30T09:36:13.662Z,0.42737816857278627
2025-09-30T09:39:15.878Z,0.42608653707677174
2025-09-30T09:42:11.064Z,0.4268930388437021
2025-09-30T09:45:14.599Z,0.42622204326897917
2025-09-30T09:48:11.417Z,0.4263945390316045
2025-09-30T09:51:11.538Z,0.4271316860233556
2025-09-30T09:54:14.102Z,0.4257343889229617
2025-09-30T09:57:10.747Z,0.4258259236681326
2025-09-30T10:00:19.670Z,0.426042721393654
2025-09-30T10:03:45.173Z,0.42538220054039433
2025-09-30T10:06:11.675Z,0.4259268303686709
2025-09-30T10:09:11.988Z,0.4267591593837319
2025-09-30T10:12:09.688Z,0.4266063113949767
2025-09-30T10:15:12.664Z,0.4267693397154731
2025-09-30T10:18:57.207Z,0.4273130909659926
2025-09-30T10:21:12.250Z,0.42753723298132307
2025-09-30T10:24:15.160Z,0.42728099917621937
2025-09-30T10:27:08.483Z,0.42711023311132934
2025-09-30T10:30:19.937Z,0.42681328884578756
2025-09-30T10:33:11.955Z,0.4265071269766631
2025-09-30T10:42:05.236Z,0.4267584003114917
2025-09-30T10:45:17.397Z,0.4274037147738162
2025-09-30T10:48:14.119Z,0.42749068616466956
2025-09-30T10:51:11.982Z,0.427843664609263
2025-09-30T10:54:09.768Z,0.4277526981548221
2025-09-30T10:57:09.866Z,0.42768816127138837
2025-09-30T11:00:18.541Z,0.42745755275932174
2025-09-30T11:03:12.852Z,0.42793505332209114
2025-09-30T11:06:10.834Z,0.4275930076110491
2025-09-30T11:09:14.409Z,0.4274168885474449
2025-09-30T11:12:12.741Z,0.4272659731639871
2025-09-30T11:15:15.221Z,0.42718622347857416
2025-09-30T11:18:12.611Z,0.42735921732487786
2025-09-30T11:21:09.641Z,0.4269431231392353
2025-09-30T11:24:13.049Z,0.4267304461097456
2025-09-30T11:27:09.602Z,0.42710622107966156
2025-09-30T11:30:16.612Z,0.4274218770273812
2025-09-30T11:33:11.438Z,0.42741673439743255
2025-09-30T11:36:11.428Z,0.4278110687330935
2025-09-30T11:39:08.823Z,0.4288583057190534
2025-09-30T11:42:13.560Z,0.42962353661506203
2025-09-30T11:45:13.203Z,0.43020632374877
2025-09-30T11:48:12.523Z,0.4301397609146898
2025-09-30T11:51:07.590Z,0.4306742481584816
2025-09-30T11:54:13.952Z,0.4313290093329566
2025-09-30T11:57:12.362Z,0.43123542082158733
2025-09-30T12:00:15.577Z,0.43111614092909023
2025-09-30T12:04:09.306Z,0.4309284830480939
2025-09-30T12:06:13.524Z,0.4304136624905015
2025-09-30T12:09:12.377Z,0.4308663294996257
2025-09-30T12:12:12.546Z,0.42857428426481065
2025-09-30T12:15:12.465Z,0.42718789779368294
2025-09-30T12:19:02.134Z,0.42647001837147713
2025-09-30T12:21:08.996Z,0.4277559092885018
2025-09-30T12:24:12.535Z,0.4276019182481099
2025-09-30T12:27:11.937Z,0.42839815433934
2025-09-30T12:30:16.246Z,0.4276698573570621
2025-09-30T12:33:08.834Z,0.42843775673433215
2025-09-30T12:36:10.686Z,0.42785580174733695
2025-09-30T12:39:12.000Z,0.4283079341746874
2025-09-30T12:42:17.820Z,0.4275038773371795
2025-09-30T12:45:17.797Z,0.4280852436845545
2025-09-30T12:48:15.828Z,0.42788950229112604
2025-09-30T12:51:15.049Z,0.4279990254333284
2025-09-30T12:54:10.289Z,0.4271634754569731
2025-09-30T12:57:12.159Z,0.4276188254023512
2025-09-30T13:00:18.618Z,0.42790652086616815
2025-09-30T13:03:12.780Z,0.4269454328061901
2025-09-30T13:06:10.356Z,0.425199618629626
2025-09-30T13:09:09.828Z,0.4209432560579024
2025-09-30T13:12:17.419Z,0.4202116670111264
2025-09-30T13:15:16.130Z,0.42163102042827666
2025-09-30T13:18:13.567Z,0.42167863421563523
2025-09-30T13:21:36.128Z,0.42403191869331214
2025-09-30T13:24:22.589Z,0.4241959843862238
2025-09-30T13:27:11.585Z,0.4229250405319681
2025-09-30T13:30:17.619Z,0.4227511115517031
2025-09-30T13:33:09.720Z,0.4207543978144208
2025-09-30T13:36:10.839Z,0.42088291576790743
2025-09-30T13:39:11.022Z,0.42222222533136583
2025-09-30T13:42:15.508Z,0.42165784566041714
2025-09-30T13:45:15.956Z,0.4223040378549564
2025-09-30T13:48:15.048Z,0.42485741870460686
2025-09-30T13:51:11.256Z,0.42386838525286474
2025-09-30T13:54:11.986Z,0.4248305809020001
2025-09-30T13:57:08.531Z,0.4248949982524842
2025-09-30T14:00:21.018Z,0.4239750636171404
2025-09-30T14:03:46.120Z,0.421664156307735
2025-09-30T14:06:10.561Z,0.42100677178285006
2025-09-30T14:09:11.028Z,0.42282454712640744
2025-09-30T14:12:17.847Z,0.42266669362953346
2025-09-30T14:15:14.677Z,0.4231383686220183
2025-09-30T14:19:34.376Z,0.4241991547863843
2025-09-30T14:21:12.022Z,0.42334403963088396
2025-09-30T14:24:13.487Z,0.42336950101203413
2025-09-30T14:27:13.504Z,0.42370788314879937
2025-09-30T14:30:13.498Z,0.4217239432144345
2025-09-30T14:33:11.738Z,0.4210708062691157
2025-09-30T14:36:15.510Z,0.4211891273275865
2025-09-30T14:39:16.672Z,0.4205553082077961
2025-09-30T14:42:10.036Z,0.42196730477232586
2025-09-30T14:45:13.607Z,0.4209211179765096
2025-09-30T14:48:16.342Z,0.42158500265083343
2025-09-30T14:51:12.071Z,0.42227692031988295
2025-09-30T14:54:13.689Z,0.4220199461455246
2025-09-30T14:57:11.475Z,0.42363689650597414
2025-09-30T15:00:20.585Z,0.42420348261207813
2025-09-30T15:03:12.236Z,0.4234564254945062
2025-09-30T15:06:13.615Z,0.4240207370122445
2025-09-30T15:09:11.991Z,0.4223061436273312
2025-09-30T15:12:16.222Z,0.4221578440801877
2025-09-30T15:15:16.806Z,0.4201012169140792
2025-09-30T15:18:10.166Z,0.4196137531992461
2025-09-30T15:21:14.922Z,0.41688933168581777
2025-09-30T15:24:14.974Z,0.41539747705701746
2025-09-30T15:27:13.164Z,0.4151702859598415
2025-09-30T15:30:19.633Z,0.4163582865913447
2025-09-30T15:33:13.081Z,0.4186608301068092
2025-09-30T15:36:12.361Z,0.41757170830122936
2025-09-30T15:39:13.371Z,0.4170374382961631
2025-09-30T15:42:13.292Z,0.41709201844348825
2025-09-30T15:45:16.495Z,0.4174254680339738
2025-09-30T15:48:14.094Z,0.41638164465746974
2025-09-30T15:51:14.503Z,0.41767075405932846
2025-09-30T15:54:09.089Z,0.4175741150779285
2025-09-30T15:57:09.106Z,0.41701306256714377
2025-09-30T16:00:20.575Z,0.41769650580320206
2025-09-30T16:04:01.386Z,0.4175547951563522
2025-09-30T16:06:14.859Z,0.41663782019007134
2025-09-30T16:09:10.048Z,0.41543058353287143
2025-09-30T16:12:15.869Z,0.41482181405938706
2025-09-30T16:15:13.411Z,0.414735980901517
2025-09-30T16:19:17.516Z,0.415127219930231
2025-09-30T16:21:11.289Z,0.41650700523798007
2025-09-30T16:24:10.660Z,0.4157965060317336
2025-09-30T16:27:11.427Z,0.41723348234421337
2025-09-30T16:30:14.259Z,0.4171631403859267
2025-09-30T16:33:11.751Z,0.41637308489778757
2025-09-30T16:36:10.715Z,0.41502852125998035
2025-09-30T16:39:10.359Z,0.4147855466328064
2025-09-30T16:42:10.108Z,0.4142627359627879
2025-09-30T16:45:14.987Z,0.41471141748745666
2025-09-30T16:48:12.498Z,0.41478485686904615
2025-09-30T16:51:10.872Z,0.41580933565636297
2025-09-30T16:54:31.745Z,0.41656301521385786
2025-09-30T16:57:13.993Z,0.41590562339911596
2025-09-30T17:00:18.614Z,0.41561918038409823
2025-09-30T17:03:08.419Z,0.4158577366493367
2025-09-30T17:06:14.214Z,0.4178404454736214
2025-09-30T17:09:08.810Z,0.41846930314651765
2025-09-30T17:12:11.765Z,0.41761282851438875
2025-09-30T17:15:16.408Z,0.41794898736331004
2025-09-30T17:18:13.389Z,0.4184250460417534
2025-09-30T17:21:10.616Z,0.41830453116848404
2025-09-30T17:24:13.211Z,0.41927452099429646
2025-09-30T17:27:14.925Z,0.4187843545627643
2025-09-30T17:30:26.410Z,0.41850077389046725
2025-09-30T17:33:08.352Z,0.4179160012327892
2025-09-30T17:36:09.489Z,0.41835636437490903
2025-09-30T17:39:11.235Z,0.42002340600985333
2025-09-30T17:42:11.701Z,0.4210950601203325
2025-09-30T17:45:13.443Z,0.41902734036802175
2025-09-30T17:48:10.510Z,0.41894814732626917
2025-09-30T17:51:09.463Z,0.41840415245970036
2025-09-30T17:54:12.085Z,0.4189851531713892
2025-09-30T17:57:12.157Z,0.41882030841159884
2025-09-30T18:00:20.303Z,0.4174896288758805
2025-09-30T18:03:42.501Z,0.4175555021047375
2025-09-30T18:06:14.184Z,0.4177117907508103
2025-09-30T18:09:10.430Z,0.41875509319013604
2025-09-30T18:12:14.945Z,0.42035301204141085
2025-09-30T18:15:18.208Z,0.4203025946223577
2025-09-30T18:18:56.007Z,0.42029295871726596
2025-09-30T18:21:22.982Z,0.42044150454516316
2025-09-30T18:24:12.931Z,0.42087097389734845
2025-09-30T18:27:08.560Z,0.42134829773879273
2025-09-30T18:30:17.724Z,0.42203459758629025
2025-09-30T18:33:17.973Z,0.4219118592672533
2025-09-30T18:36:12.029Z,0.4219532441662529
2025-09-30T18:39:09.400Z,0.4226783413999287
2025-09-30T18:42:11.316Z,0.4228744697227394
2025-09-30T18:45:16.890Z,0.4233647628312077
2025-09-30T18:48:09.063Z,0.42303821839950845
2025-09-30T18:51:08.845Z,0.42321441964434164
2025-09-30T18:54:11.498Z,0.42313841727680596
2025-09-30T18:57:11.857Z,0.423894274949984
2025-09-30T19:00:16.456Z,0.42414789528150115
2025-09-30T19:03:09.879Z,0.4259084495658584
2025-09-30T19:06:16.298Z,0.4253848236376448
2025-09-30T19:09:14.049Z,0.423849269787481
2025-09-30T19:12:16.656Z,0.4252450995246996
2025-09-30T19:15:13.541Z,0.4249591203657512
2025-09-30T19:18:11.656Z,0.4242517134529522
2025-09-30T19:21:12.601Z,0.4258286454664666
2025-09-30T19:24:12.251Z,0.42635532363897755
2025-09-30T19:27:10.762Z,0.42604545350361256
2025-09-30T19:30:16.630Z,0.42660264757212735
2025-09-30T19:33:10.474Z,0.428572486203373
2025-09-30T19:36:15.070Z,0.4280609596719199
2025-09-30T19:39:09.472Z,0.4290155937521094
2025-09-30T19:42:11.912Z,0.4284836425984296
2025-09-30T19:45:17.560Z,0.4284863565426385
2025-09-30T19:48:12.725Z,0.42934831980586263
2025-09-30T19:51:10.774Z,0.4305410640247979
2025-09-30T19:54:14.423Z,0.43045583256147363
2025-09-30T19:57:12.222Z,0.4310639178262801
2025-09-30T20:00:17.671Z,0.42963428238731693
2025-09-30T20:03:34.472Z,0.43003079285958656
2025-09-30T20:06:14.134Z,0.42985882268893577
2025-09-30T20:09:11.266Z,0.43065349985790913
2025-09-30T20:12:13.249Z,0.4308464985163819
2025-09-30T20:15:14.243Z,0.4304404215736429
2025-09-30T20:19:35.527Z,0.43079723286516286
2025-09-30T20:21:10.300Z,0.4313244544628002
2025-09-30T20:24:13.646Z,0.4326866141064244
2025-09-30T20:27:14.116Z,0.43252823540457036
2025-09-30T20:30:21.687Z,0.43228127521241866
2025-09-30T20:33:12.116Z,0.4326512587617156
2025-09-30T20:36:08.556Z,0.4324632990510316
2025-09-30T20:39:07.725Z,0.43263208950348775
2025-09-30T20:42:11.311Z,0.43270837362904396
2025-09-30T20:45:11.868Z,0.4333752624926683
2025-09-30T20:48:17.155Z,0.4345503587746303
2025-09-30T20:51:13.491Z,0.4343236941418197
2025-09-30T20:54:11.326Z,0.43514472410165556
2025-09-30T20:57:08.381Z,0.43484142622160854
2025-09-30T21:00:23.972Z,0.43518030586275464
2025-09-30T21:03:08.544Z,0.4345585087607684
2025-09-30T21:06:21.641Z,0.4355626863584462
2025-09-30T21:09:10.198Z,0.43619682176343494
2025-09-30T21:12:10.547Z,0.43586657889829306
2025-09-30T21:15:11.994Z,0.435843635997422
2025-09-30T21:18:12.719Z,0.4340704915765494
2025-09-30T21:21:12.029Z,0.4342585660812694
2025-09-30T21:24:12.233Z,0.43327095088804674
2025-09-30T21:27:09.969Z,0.4330544396504565
2025-09-30T21:30:20.472Z,0.43236152649778137
2025-09-30T21:33:13.986Z,0.43250073189273763
2025-09-30T21:36:14.804Z,0.43191237970459917
2025-09-30T21:39:15.832Z,0.4322492699608908
2025-09-30T21:42:16.108Z,0.43266950600521836
2025-09-30T21:45:17.592Z,0.43178286644051816
2025-09-30T21:48:14.082Z,0.4328009125097704
2025-09-30T21:51:08.789Z,0.4330289487261812
2025-09-30T21:54:14.543Z,0.4332882909946054
2025-09-30T21:57:12.536Z,0.4333277234279407
2025-09-30T22:00:16.280Z,0.431329479756601
2025-09-30T22:03:31.900Z,0.4330767125027524
2025-09-30T22:06:13.066Z,0.43391577932383596
2025-09-30T22:09:10.712Z,0.4332821709991971
2025-09-30T22:12:13.190Z,0.4330965581515511
2025-09-30T22:15:12.177Z,0.43357260431293854
2025-09-30T22:19:45.875Z,0.4334646591182352
2025-09-30T22:21:07.561Z,0.43332813837334533
2025-09-30T22:24:11.841Z,0.4323150889194258
2025-09-30T22:27:10.460Z,0.43208447012287543
2025-09-30T22:30:14.340Z,0.43284061686658704
2025-09-30T22:33:10.163Z,0.4322937511751374
2025-09-30T22:36:10.425Z,0.43073083419660846
2025-09-30T22:39:16.218Z,0.43044523950349
2025-09-30T22:42:13.373Z,0.4302195062811099
2025-09-30T22:45:18.153Z,0.430731101808878
2025-09-30T22:48:13.572Z,0.4303074509723075
2025-09-30T22:51:10.704Z,0.4295908011542412
2025-09-30T22:54:14.893Z,0.42889266954485117
2025-09-30T22:57:11.703Z,0.429039569401293
2025-09-30T23:00:15.050Z,0.42803174123737775
2025-09-30T23:03:10.538Z,0.4257892126586229
2025-09-30T23:06:10.559Z,0.42657775045924784
2025-09-30T23:09:11.405Z,0.4269132941926109
2025-09-30T23:12:13.519Z,0.42712773548280614
2025-09-30T23:15:14.441Z,0.4267223151296513
2025-09-30T23:18:13.377Z,0.4269971281761311
2025-09-30T23:21:11.377Z,0.42740568932677975
2025-09-30T23:24:14.332Z,0.4279488606699006
2025-09-30T23:27:11.406Z,0.42723148113197906
2025-09-30T23:30:14.755Z,0.42749476120637264
2025-09-30T23:33:09.602Z,0.42728003129534575
2025-09-30T23:36:13.974Z,0.42704364744157153
2025-09-30T23:39:11.711Z,0.42744388927605903
2025-09-30T23:42:15.199Z,0.42773925198879736
2025-09-30T23:45:12.523Z,0.4281162514682167
2025-09-30T23:48:13.882Z,0.4284711484403875
2025-09-30T23:51:13.348Z,0.4285161734752818
2025-09-30T23:54:12.130Z,0.4285141962438931
2025-09-30T23:57:08.593Z,0.4284097884631536
2025-10-01T00:00:19.887Z,0.42905985560590293
2025-10-01T00:03:31.022Z,0.43062685514478305
2025-10-01T00:06:12.512Z,0.43033006187988804
2025-10-01T00:09:10.663Z,0.42960037942836343
2025-10-01T00:12:14.614Z,0.4291923377442996
2025-10-01T00:15:12.763Z,0.42883989346439905
2025-10-01T00:19:37.858Z,0.4280455398772386
2025-10-01T00:21:15.374Z,0.4282667712614172
2025-10-01T00:24:17.493Z,0.4274207013961361
2025-10-01T00:27:11.267Z,0.427235881179386
2025-10-01T00:30:17.429Z,0.4268456410409105
2025-10-01T00:33:13.011Z,0.4269596400622349
2025-10-01T00:36:13.272Z,0.42749136424763917
2025-10-01T00:39:15.190Z,0.42804124628596374
2025-10-01T00:42:11.268Z,0.4265302418786748
2025-10-01T00:45:14.796Z,0.42643543443031967
2025-10-01T00:48:12.796Z,0.42590608180514816
2025-10-01T00:51:08.060Z,0.4272199770462525
2025-10-01T00:54:12.898Z,0.4271710627431092
2025-10-01T00:57:10.591Z,0.4281580485276068
2025-10-01T01:00:17.956Z,0.42871596964360215
2025-10-01T01:03:10.165Z,0.4276696651458118
2025-10-01T01:06:11.956Z,0.4283989163553059
2025-10-01T01:09:12.646Z,0.4288313362737779
2025-10-01T01:12:15.160Z,0.4284374297553244
2025-10-01T01:15:15.381Z,0.42907046042941926
2025-10-01T01:18:17.385Z,0.4290920187754372
2025-10-01T01:21:13.706Z,0.4287065372278944
2025-10-01T01:24:12.938Z,0.42853698258551043
2025-10-01T01:27:10.561Z,0.4279657862977427
2025-10-01T01:30:18.262Z,0.42902936187706814
2025-10-01T01:33:14.067Z,0.4299447006685354
2025-10-01T01:36:15.379Z,0.4298014143600929
2025-10-01T01:39:15.425Z,0.43036250349892524
2025-10-01T01:42:15.137Z,0.4314154924249586
2025-10-01T01:45:10.154Z,0.4319723428355741
2025-10-01T01:48:15.092Z,0.43230673588885654
2025-10-01T01:51:09.402Z,0.4322185191488382
2025-10-01T01:54:11.360Z,0.4328129879200031
2025-10-01T01:57:13.277Z,0.433008495765841
2025-10-01T02:00:20.197Z,0.43359245914361194
2025-10-01T02:03:36.459Z,0.4329007913329043
2025-10-01T02:06:13.561Z,0.4324081778688725
2025-10-01T02:09:10.339Z,0.4328138811203596
2025-10-01T02:12:11.881Z,0.4323989400302184
2025-10-01T02:15:18.513Z,0.43285781596062894
2025-10-01T02:19:22.281Z,0.43366366180162474
2025-10-01T02:21:09.566Z,0.4334444161871152
2025-10-01T02:24:12.613Z,0.4331193960828885
2025-10-01T02:27:09.195Z,0.4333353530522315
2025-10-01T02:30:13.008Z,0.43351143030286876
2025-10-01T02:33:11.532Z,0.43271427792537
2025-10-01T02:36:12.178Z,0.43278966290422377
2025-10-01T02:39:09.908Z,0.43355651201863715
2025-10-01T02:42:10.407Z,0.4324487439756925
2025-10-01T02:45:15.258Z,0.4324207354303851
2025-10-01T02:48:09.144Z,0.4336258005026381
2025-10-01T02:51:11.451Z,0.4324091772464303
2025-10-01T02:54:13.348Z,0.433004454794096
2025-10-01T02:57:12.817Z,0.4330145480907925
2025-10-01T03:00:17.216Z,0.43260602944397697
2025-10-01T03:03:13.246Z,0.4325953391837644
2025-10-01T03:06:13.334Z,0.4323370526453652
2025-10-01T03:09:13.841Z,0.43294586044137723
2025-10-01T03:12:16.772Z,0.4330115203137785
2025-10-01T03:15:10.684Z,0.43281988187146003
2025-10-01T03:18:09.943Z,0.43209698197459223
2025-10-01T03:21:12.383Z,0.4321357285073748
2025-10-01T03:24:12.437Z,0.4315134985923644
2025-10-01T03:27:14.744Z,0.43336616015015966
2025-10-01T03:30:18.098Z,0.4324661607034857
2025-10-01T03:33:10.689Z,0.4324467078410611
2025-10-01T03:36:09.233Z,0.43293649152571223
2025-10-01T03:39:11.259Z,0.43214657040843707
2025-10-01T03:42:16.927Z,0.4311674817853573
2025-10-01T03:45:17.237Z,0.43033299011617776
2025-10-01T03:48:10.037Z,0.4291518461771121
2025-10-01T03:51:08.067Z,0.42879408234145516
2025-10-01T03:54:08.423Z,0.42840987372328815
2025-10-01T03:57:10.199Z,0.4287467020799095
2025-10-01T04:00:14.382Z,0.42828495905447017
2025-10-01T04:03:28.648Z,0.4290476530296194
2025-10-01T04:06:11.659Z,0.4311306524793612
2025-10-01T04:09:18.056Z,0.43146159466177825
2025-10-01T04:12:14.760Z,0.43023379578500154
2025-10-01T04:15:11.047Z,0.43018058119897934
2025-10-01T04:19:31.480Z,0.4315370648746955
2025-10-01T04:21:20.885Z,0.431586887698526
2025-10-01T04:24:15.600Z,0.4312764968368057
2025-10-01T04:27:10.437Z,0.431862163010139
2025-10-01T04:30:17.764Z,0.4321315578974743
2025-10-01T04:33:09.730Z,0.4315374422486972
2025-10-01T04:36:14.410Z,0.4307196714925992
2025-10-01T04:39:09.423Z,0.431663429156578
2025-10-01T04:42:09.452Z,0.4318331912520034
2025-10-01T04:45:12.657Z,0.4313350400218359
2025-10-01T04:48:16.348Z,0.43214854475011577
2025-10-01T04:51:13.118Z,0.4309999183055779
2025-10-01T04:54:14.645Z,0.4296437184005765
2025-10-01T04:57:11.465Z,0.4294322591141937
2025-10-01T05:00:15.190Z,0.4302230081393791
2025-10-01T05:03:11.748Z,0.43101907922363514
2025-10-01T05:06:11.776Z,0.43090943925036723
2025-10-01T05:09:16.484Z,0.4320576999031174
2025-10-01T05:12:12.759Z,0.43303998765389545
2025-10-01T05:15:16.450Z,0.4323600916574657
2025-10-01T05:18:10.547Z,0.4323189989693309
2025-10-01T05:21:08.813Z,0.43255014123071045
2025-10-01T05:24:14.750Z,0.4325904716142545
2025-10-01T05:27:10.445Z,0.4324718879326394
2025-10-01T05:30:18.359Z,0.4321731664066612
2025-10-01T05:33:16.474Z,0.4312078124780753
2025-10-01T05:36:11.705Z,0.4321378423064381
2025-10-01T05:39:09.978Z,0.4330492168273815
2025-10-01T05:42:15.429Z,0.43265863101772717
2025-10-01T05:45:17.594Z,0.4325031919553797
2025-10-01T05:48:12.359Z,0.4320585651128705
2025-10-01T05:51:08.768Z,0.4317454858058022
2025-10-01T05:54:10.178Z,0.4318872730398938
2025-10-01T05:57:10.600Z,0.4318162858846061
2025-10-01T06:00:16.981Z,0.4313820001830648
2025-10-01T06:03:26.144Z,0.43117544604170654
2025-10-01T06:06:11.915Z,0.4311496121423646
2025-10-01T06:09:09.967Z,0.43070643912163664
2025-10-01T06:12:14.652Z,0.4307773261153358
2025-10-01T06:15:13.336Z,0.4308427557336508
2025-10-01T06:19:29.919Z,0.4313799748535417
2025-10-01T06:21:08.155Z,0.4314520933706272
2025-10-01T06:24:13.851Z,0.43101842623629383
2025-10-01T06:27:11.363Z,0.4318640227207856
2025-10-01T06:30:14.760Z,0.43163707059108547
2025-10-01T06:33:12.752Z,0.4321865447082536
2025-10-01T06:36:11.317Z,0.43146606518349934
2025-10-01T06:39:07.871Z,0.4316681458823949
2025-10-01T06:42:13.866Z,0.43194187104852144
2025-10-01T06:45:16.178Z,0.4322914959680065
2025-10-01T06:48:15.304Z,0.4319945744806393
2025-10-01T06:51:09.037Z,0.4297319340206619
2025-10-01T06:54:12.416Z,0.4301444877377781
2025-10-01T06:57:16.222Z,0.42928626626801214
2025-10-01T07:00:17.843Z,0.42965864971275913
2025-10-01T07:03:13.224Z,0.4310021933307121
2025-10-01T07:06:11.336Z,0.4310069264008845
2025-10-01T07:09:08.709Z,0.43114483359895156
2025-10-01T07:12:09.748Z,0.43209062061229175
2025-10-01T07:15:18.457Z,0.43226231822246447
2025-10-01T07:18:15.375Z,0.4323298156721392
2025-10-01T07:21:13.881Z,0.43236193327117795
2025-10-01T07:24:13.127Z,0.4329278430320744
2025-10-01T07:27:12.452Z,0.43359936087204376
2025-10-01T07:30:13.907Z,0.433446942037406
2025-10-01T07:33:13.704Z,0.43433589622554575
2025-10-01T07:36:10.093Z,0.43330745238564833
2025-10-01T07:39:11.663Z,0.4333906042381405
2025-10-01T07:42:13.691Z,0.433070406083415
2025-10-01T07:45:16.080Z,0.43217655205464073
2025-10-01T07:48:11.696Z,0.4326463926699118
2025-10-01T07:51:12.035Z,0.43354610147801015
2025-10-01T07:54:09.633Z,0.4333709979780563
2025-10-01T07:57:11.453Z,0.43361532289124594
2025-10-01T08:00:15.380Z,0.432949444844355
2025-10-01T08:03:35.737Z,0.4334065200201466
2025-10-01T08:06:11.357Z,0.4335235177382853
2025-10-01T08:09:10.644Z,0.4335488564023182
2025-10-01T08:12:15.846Z,0.43388766848659616
2025-10-01T08:15:15.402Z,0.43318852096033994
2025-10-01T08:19:29.366Z,0.4349776933936782
2025-10-01T08:21:13.722Z,0.4350399574779111
2025-10-01T08:24:11.146Z,0.43385423267261675
2025-10-01T08:27:12.160Z,0.43501075426957403
2025-10-01T08:30:15.367Z,0.43707231179908085
2025-10-01T08:33:11.463Z,0.4405341788364882
2025-10-01T08:36:14.850Z,0.4386975839179832
2025-10-01T08:39:08.656Z,0.4437525822576061
2025-10-01T08:42:13.871Z,0.44139263892899977
2025-10-01T08:45:14.926Z,0.4473930854571412
2025-10-01T08:48:25.322Z,0.4450710285011304
2025-10-01T08:51:10.144Z,0.4477918504838188
2025-10-01T08:54:12.575Z,0.44650539186506194
2025-10-01T08:57:12.404Z,0.448722437844966
2025-10-01T09:00:22.832Z,0.4496987904345915
2025-10-01T09:03:11.647Z,0.4511361797044532
2025-10-01T09:06:13.797Z,0.4506353008472528
2025-10-01T09:09:09.973Z,0.4525333073384091
2025-10-01T09:12:11.858Z,0.45229495324294566
2025-10-01T09:15:15.022Z,0.4524929249440443
2025-10-01T09:18:15.154Z,0.4524983199317466
2025-10-01T09:21:13.710Z,0.4508199270508642
2025-10-01T09:24:12.274Z,0.45221600502804976
2025-10-01T09:27:13.925Z,0.4525041162234484
2025-10-01T09:30:23.599Z,0.45400354609401183
2025-10-01T09:33:12.259Z,0.4530080305844665
2025-10-01T09:36:14.300Z,0.4523948266178128
2025-10-01T09:39:08.762Z,0.45374712728249716
2025-10-01T09:42:14.083Z,0.4533033726628529
2025-10-01T09:45:12.663Z,0.4534294463943527
2025-10-01T09:48:10.439Z,0.453333102920844
2025-10-01T09:51:09.379Z,0.4530110803350537
2025-10-01T09:54:12.543Z,0.4525669836747021
2025-10-01T09:57:13.644Z,0.453002436163436
2025-10-01T10:00:20.353Z,0.45313579956828454
2025-10-01T10:03:45.273Z,0.45338068296445555
2025-10-01T10:06:16.853Z,0.4533686821973457
2025-10-01T10:09:13.391Z,0.45234954199832833
2025-10-01T10:12:08.701Z,0.45101394081505836
2025-10-01T10:15:14.767Z,0.44937548369886454
2025-10-01T10:19:17.824Z,0.4506490763475792
2025-10-01T10:21:11.021Z,0.450984282381413
2025-10-01T10:24:12.071Z,0.4512769054942885
2025-10-01T10:27:08.618Z,0.4514919145693988
2025-10-01T10:30:18.144Z,0.4506426763259293
2025-10-01T10:33:11.293Z,0.4497002302678003
2025-10-01T10:36:13.506Z,0.44937838708544225
2025-10-01T10:39:13.391Z,0.4485657446997259
2025-10-01T10:42:11.952Z,0.44913594042243266
2025-10-01T10:45:14.508Z,0.4499080118685004
2025-10-01T10:48:10.203Z,0.4499773582174516
2025-10-01T10:51:12.212Z,0.4489838394019702
2025-10-01T10:54:11.892Z,0.44918906757303145
2025-10-01T10:57:14.256Z,0.44877817206974313
2025-10-01T11:00:15.444Z,0.4494881096600683
2025-10-01T11:03:10.846Z,0.44981086137274245
2025-10-01T11:06:14.226Z,0.4500133421783525
2025-10-01T11:09:14.917Z,0.4501198613959541
2025-10-01T11:12:11.150Z,0.45110747618336033
2025-10-01T11:15:19.097Z,0.4506200382453171
2025-10-01T11:18:14.796Z,0.45060380854072085
2025-10-01T11:21:11.470Z,0.45055647668317184
2025-10-01T11:24:11.509Z,0.4507835447469417
2025-10-01T11:27:12.141Z,0.44998934603525187
2025-10-01T11:30:16.523Z,0.4503485606790754
2025-10-01T11:33:09.494Z,0.4504043063754684
2025-10-01T11:36:11.734Z,0.4501486566460792
2025-10-01T11:39:11.245Z,0.4499231948792048
2025-10-01T11:42:14.483Z,0.4503334497235478
2025-10-01T11:45:13.639Z,0.4502072898384613
2025-10-01T11:48:15.933Z,0.4501519916925235
2025-10-01T11:51:10.292Z,0.44996654094225824
2025-10-01T11:54:13.060Z,0.44969094864042525
2025-10-01T11:57:12.750Z,0.45091104025063544
2025-10-01T12:00:21.184Z,0.4512983089301951
2025-10-01T12:03:44.707Z,0.45171595425656413
2025-10-01T12:06:11.728Z,0.451846660292529
2025-10-01T12:09:11.506Z,0.451031012826502
2025-10-01T12:12:15.739Z,0.45078289913857245
2025-10-01T12:15:13.521Z,0.4501332279097208
2025-10-01T12:19:37.551Z,0.45088747235752696
2025-10-01T12:21:09.999Z,0.451158131349323
2025-10-01T12:24:16.864Z,0.4526994173518609
2025-10-01T12:27:10.565Z,0.45157803225412196
2025-10-01T12:30:19.735Z,0.45334599459724406
2025-10-01T12:33:13.093Z,0.4529260406981159
2025-10-01T12:36:10.625Z,0.45389149663690326
2025-10-01T12:39:11.660Z,0.45348444826609546
2025-10-01T12:42:13.897Z,0.4524946624900017
2025-10-01T12:45:11.943Z,0.45272057389602616
2025-10-01T12:48:14.593Z,0.4533039065098344
2025-10-01T12:51:12.535Z,0.4533436110664345
2025-10-01T12:54:12.609Z,0.45327783729921817
2025-10-01T12:57:07.948Z,0.45239448585472375
2025-10-01T13:00:15.842Z,0.45234995731812466
2025-10-01T13:03:09.494Z,0.4526672914857526
2025-10-01T13:06:16.272Z,0.4525480510643336
2025-10-01T13:09:13.742Z,0.45273123342398397
2025-10-01T13:12:13.137Z,0.4522024466729224
2025-10-01T13:15:15.722Z,0.4544180454510622
2025-10-01T13:18:15.068Z,0.45660375418692745
2025-10-01T13:21:12.629Z,0.45869788347065166
2025-10-01T13:24:14.834Z,0.4599838849730432
2025-10-01T13:27:11.435Z,0.46029559933506464
2025-10-01T13:30:21.235Z,0.4585652536732635
2025-10-01T13:33:11.427Z,0.4577786844312708
2025-10-01T13:36:13.879Z,0.45911440769559186
2025-10-01T13:39:11.752Z,0.459355697614417
2025-10-01T13:42:16.421Z,0.45863709964351856
2025-10-01T13:45:11.794Z,0.4586647802895847
2025-10-01T13:48:15.149Z,0.4588147255928332
2025-10-01T13:51:12.464Z,0.458509293784576
2025-10-01T13:54:13.586Z,0.4592405659346419
2025-10-01T13:57:11.573Z,0.4603360499131648
2025-10-01T14:00:18.861Z,0.45936116022547
2025-10-01T14:03:32.881Z,0.45995858462974787
2025-10-01T14:06:15.239Z,0.4602571671695887
2025-10-01T14:09:14.880Z,0.46023731256441114
2025-10-01T14:12:17.713Z,0.4598199429219183
2025-10-01T14:15:15.840Z,0.45958907019453593
2025-10-01T14:19:39.137Z,0.46135837384571066
2025-10-01T14:21:13.170Z,0.46003632192078625
2025-10-01T14:24:12.472Z,0.45999706247174754
2025-10-01T14:27:10.672Z,0.45894257236187214
2025-10-01T14:30:15.148Z,0.4592014762463415
2025-10-01T14:33:12.475Z,0.45825825368393397
2025-10-01T14:36:16.069Z,0.45934096055254214
2025-10-01T14:39:12.587Z,0.4609182056022709
2025-10-01T14:42:14.477Z,0.46082354558596095
2025-10-01T14:45:16.031Z,0.4613058359803447
2025-10-01T14:48:13.581Z,0.4605725439250339
2025-10-01T14:51:09.135Z,0.4599415612592782
2025-10-01T14:54:14.453Z,0.46035701119486283
2025-10-01T14:57:08.278Z,0.4603879673774247
2025-10-01T15:00:22.191Z,0.459607663293658
2025-10-01T15:03:14.518Z,0.4603279206139147
2025-10-01T15:06:14.227Z,0.4606406130098176
2025-10-01T15:09:11.120Z,0.45891314739554456
2025-10-01T15:12:14.947Z,0.45833019126089436
2025-10-01T15:15:14.887Z,0.45924653861555287
2025-10-01T15:18:10.367Z,0.4596339686058838
2025-10-01T15:21:08.047Z,0.4595787011882988
2025-10-01T15:24:11.979Z,0.4614482290794786
2025-10-01T15:27:08.820Z,0.46120960095741825
2025-10-01T15:30:24.652Z,0.4608985106061424
2025-10-01T15:33:16.526Z,0.4594799385589491
2025-10-01T15:36:19.630Z,0.4602825231251466
2025-10-01T15:39:15.863Z,0.4611807132293568
2025-10-01T15:42:14.095Z,0.46082731788541126
2025-10-01T15:45:16.302Z,0.46136027314848177
2025-10-01T15:48:12.166Z,0.46052910731141555
2025-10-01T15:51:13.376Z,0.45957722361122566
2025-10-01T15:54:14.478Z,0.4594288721243375
2025-10-01T15:57:11.440Z,0.4597576374626679
2025-10-01T16:00:22.366Z,0.4609429932600241
2025-10-01T16:03:46.898Z,0.4619854481239436
2025-10-01T16:06:14.348Z,0.4620438251616003
2025-10-01T16:09:07.348Z,0.46256029693540696
2025-10-01T16:12:14.211Z,0.462255714151217
2025-10-01T16:15:14.014Z,0.46331188828084335
2025-10-01T16:19:15.311Z,0.46220232649993265
2025-10-01T16:21:13.258Z,0.46210930581708776
2025-10-01T16:24:15.944Z,0.4628108673285936
2025-10-01T16:27:14.510Z,0.46224503226434305
2025-10-01T16:30:18.317Z,0.46173172943737645
2025-10-01T16:33:09.382Z,0.46094298225719055
2025-10-01T16:36:12.207Z,0.46129023906088945
2025-10-01T16:39:12.288Z,0.4612538552875034
2025-10-01T16:42:12.696Z,0.46107554061374173
2025-10-01T16:45:13.970Z,0.4611234853095042
2025-10-01T16:48:10.280Z,0.46130193393191843
2025-10-01T16:51:15.406Z,0.4593072529003786
2025-10-01T16:54:13.624Z,0.4592293477582534
2025-10-01T16:57:13.187Z,0.45885204999797485
2025-10-01T17:00:18.571Z,0.4587628785860847
2025-10-01T17:03:13.130Z,0.45946131549232655
2025-10-01T17:06:12.447Z,0.45945987512596964
2025-10-01T17:09:09.494Z,0.4588527576778985
2025-10-01T17:12:16.152Z,0.4585098018838234
2025-10-01T17:15:13.671Z,0.4576493883498317
2025-10-01T17:18:14.034Z,0.45868368663047776
2025-10-01T17:21:11.748Z,0.4584074160409207
2025-10-01T17:24:13.385Z,0.4586537658230484
2025-10-01T17:27:12.424Z,0.45841206650867067
2025-10-01T17:30:19.069Z,0.458980819907559
2025-10-01T17:33:10.259Z,0.45956271928867903
2025-10-01T17:36:11.960Z,0.459627922072237
2025-10-01T17:39:12.559Z,0.45934050276369237
2025-10-01T17:42:10.426Z,0.45870301731898266
2025-10-01T17:45:14.347Z,0.45826292528869866
2025-10-01T17:48:12.746Z,0.4580784182129023
2025-10-01T17:51:10.917Z,0.45602189182638353
2025-10-01T17:54:09.063Z,0.45570112722019407
2025-10-01T17:57:11.317Z,0.4558404140530219
2025-10-01T18:00:17.401Z,0.4557835511474167
2025-10-01T18:03:35.844Z,0.4562323104185133
2025-10-01T18:06:09.057Z,0.4571046199027671
2025-10-01T18:09:11.371Z,0.45758087001843506
2025-10-01T18:12:15.739Z,0.457855631702575
2025-10-01T18:15:14.466Z,0.4580398494573631
2025-10-01T18:19:07.315Z,0.4573365132318318
2025-10-01T18:21:15.268Z,0.4575971647071279
2025-10-01T18:24:14.519Z,0.458525623821538
2025-10-01T18:27:12.750Z,0.45844373908323294
2025-10-01T18:30:23.342Z,0.45828502847262986
2025-10-01T18:33:13.033Z,0.45911485621066417
2025-10-01T18:36:10.452Z,0.4606377146542276
2025-10-01T18:39:12.293Z,0.4600263438493569
2025-10-01T18:42:16.767Z,0.4605622801758239
2025-10-01T18:45:13.809Z,0.4603088774158742
2025-10-01T18:48:17.679Z,0.4607749569025841
2025-10-01T18:51:11.900Z,0.4607415936310431
2025-10-01T18:54:16.799Z,0.4619419420849747
2025-10-01T18:57:14.305Z,0.46112192083200315
2025-10-01T19:00:19.263Z,0.46095703312999287
2025-10-01T19:03:13.271Z,0.4612648692951171
2025-10-01T19:06:15.149Z,0.46177288035256586
2025-10-01T19:09:12.786Z,0.46122004786243204
2025-10-01T19:12:17.321Z,0.46153026427820243
2025-10-01T19:15:14.373Z,0.4614147414691392
2025-10-01T19:18:11.445Z,0.46155838529283805
2025-10-01T19:21:11.573Z,0.46210372963903656
2025-10-01T19:24:11.614Z,0.46268976848784876
2025-10-01T19:27:11.680Z,0.4625062928871442
2025-10-01T19:30:17.051Z,0.46217271033045015
2025-10-01T19:33:13.687Z,0.4624902553843066
2025-10-01T19:36:13.790Z,0.46186539123778614
2025-10-01T19:39:10.750Z,0.4621777112326412
2025-10-01T19:42:11.957Z,0.46252456758922056
2025-10-01T19:45:13.785Z,0.4618380524007201
2025-10-01T19:48:16.585Z,0.4629275902953647
2025-10-01T19:51:13.532Z,0.4626247570868468
2025-10-01T19:54:15.119Z,0.46279527886409033
2025-10-01T19:57:11.931Z,0.4618529730231153
2025-10-01T20:00:20.048Z,0.4621658406656881
2025-10-01T20:03:40.843Z,0.46183632527252344
2025-10-01T20:06:12.205Z,0.4621525970015291
2025-10-01T20:09:13.235Z,0.461404870470116
2025-10-01T20:12:14.057Z,0.4611677248017436
2025-10-01T20:15:14.936Z,0.4611448379106289
2025-10-01T20:19:06.397Z,0.46063298910152567
2025-10-01T20:21:08.848Z,0.46054401857520305
2025-10-01T20:24:13.061Z,0.46036123594498257
2025-10-01T20:27:16.085Z,0.4605676482833678
2025-10-01T20:30:18.509Z,0.46065074070275547
2025-10-01T20:33:08.235Z,0.4606487766107092
2025-10-01T20:36:11.633Z,0.4607963407002873
2025-10-01T20:39:08.788Z,0.46087005809932846
2025-10-01T20:42:13.582Z,0.4607652893499726
2025-10-01T20:45:14.231Z,0.4609011908516233
2025-10-01T20:48:18.029Z,0.4614592728800799
2025-10-01T20:51:13.390Z,0.461094391281717
2025-10-01T20:54:13.017Z,0.46111682636433354
2025-10-01T20:57:10.685Z,0.4610363809621738
2025-10-01T21:00:15.834Z,0.46078300002885797
2025-10-01T21:03:10.287Z,0.46040400760905814
2025-10-01T21:06:11.217Z,0.45991427427209547
2025-10-01T21:09:14.986Z,0.46004661892959176
2025-10-01T21:12:14.184Z,0.4596937923458699
2025-10-01T21:15:22.269Z,0.4594772024602243
2025-10-01T21:18:11.011Z,0.46002220567069235
2025-10-01T21:21:15.491Z,0.45909708842118363
2025-10-01T21:24:09.895Z,0.45803492887931946
2025-10-01T21:27:08.689Z,0.45814579045469056
2025-10-01T21:30:15.652Z,0.45933434851495114
2025-10-01T21:33:10.255Z,0.4585174277502765
2025-10-01T21:36:11.938Z,0.45826064960295354
2025-10-01T21:39:11.236Z,0.45857242080797483
2025-10-01T21:42:11.692Z,0.45849532598062415
2025-10-01T21:45:16.638Z,0.4582973750371896
2025-10-01T21:48:14.999Z,0.4590976547069362
2025-10-01T21:51:12.004Z,0.45792475557100326
2025-10-01T21:54:15.709Z,0.45798798050632994
2025-10-01T21:57:10.155Z,0.4582406630400927
2025-10-01T22:00:17.938Z,0.45850804009939444
2025-10-01T22:03:38.931Z,0.4596588421548934
2025-10-01T22:06:13.324Z,0.4597063153242587
2025-10-01T22:09:14.384Z,0.46032020412411734
2025-10-01T22:12:12.965Z,0.4601621095542955
2025-10-01T22:15:15.902Z,0.4600367820949862
2025-10-01T22:19:26.006Z,0.4598549579576327
2025-10-01T22:21:16.671Z,0.4598011467322401
2025-10-01T22:24:14.109Z,0.4595972441231911
2025-10-01T22:27:14.519Z,0.4594732870194108
2025-10-01T22:30:12.511Z,0.46005262425906995
2025-10-01T22:33:17.322Z,0.4598073156929159
2025-10-01T22:36:13.385Z,0.45995695382393303
2025-10-01T22:39:12.074Z,0.45915045106116587
2025-10-01T22:42:11.896Z,0.45848716759727903
2025-10-01T22:45:18.214Z,0.4587659757136615
2025-10-01T22:48:14.126Z,0.45867961790112743
2025-10-01T22:51:12.062Z,0.45944779986008266
2025-10-01T22:54:15.710Z,0.4595073513572667
2025-10-01T22:57:10.031Z,0.45889737998974556
2025-10-01T23:00:15.665Z,0.45954263791662264
2025-10-01T23:03:10.247Z,0.4587228243838501
2025-10-01T23:06:14.831Z,0.4592862065691085
2025-10-01T23:09:12.137Z,0.4588787223251814
2025-10-01T23:12:12.292Z,0.4591507482171792
2025-10-01T23:15:10.540Z,0.45958875640015157
2025-10-01T23:18:11.121Z,0.4592190213486608
2025-10-01T23:21:08.710Z,0.46217597718669834
2025-10-01T23:24:12.778Z,0.46148222058866634
2025-10-01T23:27:11.946Z,0.46128538266685365
2025-10-01T23:30:17.672Z,0.4616081843108732
2025-10-01T23:33:13.982Z,0.46131214474581134
2025-10-01T23:36:12.701Z,0.4610075902223887
2025-10-01T23:39:13.438Z,0.4608033903093726
2025-10-01T23:42:11.732Z,0.4608400899826814
2025-10-01T23:45:15.797Z,0.4617551175839825
2025-10-01T23:48:12.174Z,0.4610210594054566
2025-10-01T23:51:08.603Z,0.46180191845452806
2025-10-01T23:54:09.891Z,0.46149440997871377
2025-10-01T23:57:10.734Z,0.46227560061268497
2025-10-02T00:00:17.854Z,0.4614766024787092
2025-10-02T00:03:27.925Z,0.4640893827692102
2025-10-02T00:06:12.232Z,0.4637047630919964
2025-10-02T00:09:12.646Z,0.4635886566899563
2025-10-02T00:12:12.847Z,0.46300209173010554
2025-10-02T00:15:18.397Z,0.462699353942882
2025-10-02T00:19:43.285Z,0.4627326938701077
2025-10-02T00:21:11.075Z,0.46288678965164776
2025-10-02T00:24:14.791Z,0.46312401076622434
2025-10-02T00:27:14.687Z,0.46252819804475104
2025-10-02T00:30:14.993Z,0.4616292883698515
2025-10-02T00:33:12.087Z,0.4620947656989993
2025-10-02T00:36:12.999Z,0.46178512693129675
2025-10-02T00:39:10.702Z,0.4621026318924033
2025-10-02T00:42:13.686Z,0.46127031184260103
2025-10-02T00:45:15.006Z,0.46253788712681304
2025-10-02T00:48:15.214Z,0.4608738406476642
2025-10-02T00:51:09.553Z,0.46118918710149254
2025-10-02T00:54:13.677Z,0.46108259862401235
2025-10-02T00:57:11.504Z,0.4614853582104751
2025-10-02T01:00:15.914Z,0.4611192283123832
2025-10-02T01:03:15.265Z,0.4612754178529908
2025-10-02T01:06:10.920Z,0.4602904062148555
2025-10-02T01:09:12.261Z,0.46107396223390645
2025-10-02T01:12:11.631Z,0.46013059522605754
2025-10-02T01:15:15.522Z,0.46124794568584854
2025-10-02T01:18:14.594Z,0.46149400360594517
2025-10-02T01:21:11.857Z,0.46153921697802835
2025-10-02T01:24:12.960Z,0.46182994902672514
2025-10-02T01:27:11.160Z,0.4623598177098607
2025-10-02T01:30:14.345Z,0.46120374527082203
2025-10-02T01:33:11.062Z,0.462119188811969
2025-10-02T01:36:15.353Z,0.46251126731435394
2025-10-02T01:39:13.198Z,0.4627138657379766
2025-10-02T01:42:11.277Z,0.4632317993982273
2025-10-02T01:45:11.670Z,0.46465046658309345
2025-10-02T01:48:14.424Z,0.4655544146647224
2025-10-02T01:51:10.408Z,0.4659032213043598
2025-10-02T01:54:13.951Z,0.466770731882291
2025-10-02T01:57:07.845Z,0.46722510004539963
2025-10-02T02:00:16.825Z,0.467427083567701
2025-10-02T02:03:31.300Z,0.46716689527291255
2025-10-02T02:06:13.311Z,0.46744463028959854
2025-10-02T02:09:11.732Z,0.4655074903096622
2025-10-02T02:12:16.163Z,0.465246533356396
2025-10-02T02:15:16.240Z,0.46525256445052027
2025-10-02T02:19:42.334Z,0.46517007590715304
2025-10-02T02:21:09.496Z,0.46501345411454975
2025-10-02T02:24:13.499Z,0.46489918587033147
2025-10-02T02:27:10.567Z,0.46546153163654236
2025-10-02T02:30:17.273Z,0.46514501850811
2025-10-02T02:33:11.330Z,0.4651469507758373
2025-10-02T02:36:12.831Z,0.4657520636212888
2025-10-02T02:39:11.746Z,0.4659706487516304
2025-10-02T02:42:12.423Z,0.4668444418992018
2025-10-02T02:45:13.838Z,0.46607503081734036
2025-10-02T02:48:16.237Z,0.46751067268087554
2025-10-02T02:51:09.924Z,0.4670317648154604
2025-10-02T02:54:14.715Z,0.4656172826328936
2025-10-02T02:57:12.998Z,0.46606689042123134
2025-10-02T03:00:18.964Z,0.46588908141463503
2025-10-02T03:03:12.498Z,0.46581395482240834
2025-10-02T03:06:12.199Z,0.465394553779258
2025-10-02T03:09:11.143Z,0.46638941623550206
2025-10-02T03:12:11.328Z,0.46688909250237476
2025-10-02T03:15:16.340Z,0.4673215118550168
2025-10-02T03:18:16.258Z,0.4666763697040611
2025-10-02T03:21:12.280Z,0.4670415642176568
2025-10-02T03:24:16.304Z,0.46515659007427823
2025-10-02T03:27:12.816Z,0.4663220793057985
2025-10-02T03:30:18.107Z,0.46693482300812333
2025-10-02T03:33:09.254Z,0.4654300296632925
2025-10-02T03:36:12.861Z,0.4676664712683007
2025-10-02T03:39:13.165Z,0.4670206533781046
2025-10-02T03:42:12.316Z,0.46807667973581146
2025-10-02T03:45:20.755Z,0.4678891841596201
2025-10-02T03:48:14.029Z,0.46692499253627784
2025-10-02T03:51:10.605Z,0.46706308716573913
2025-10-02T03:54:10.796Z,0.466968834016091
2025-10-02T03:57:07.308Z,0.4668681219487383
2025-10-02T04:00:15.115Z,0.4666964867048551
2025-10-02T04:03:38.705Z,0.46623166028791485
2025-10-02T04:06:17.076Z,0.46732953351374784
2025-10-02T04:09:13.712Z,0.46791013171333456
2025-10-02T04:12:12.388Z,0.46806356431351154
2025-10-02T04:15:11.908Z,0.46782926919524714
2025-10-02T04:19:52.872Z,0.46823206674138185
2025-10-02T04:21:08.734Z,0.4672936181899739
2025-10-02T04:24:11.027Z,0.4665542052800107
2025-10-02T04:27:11.986Z,0.46685431521214665
2025-10-02T04:30:16.949Z,0.46620810835563764
2025-10-02T04:33:08.567Z,0.46693912014648087
2025-10-02T04:36:11.995Z,0.4655408432218927
2025-10-02T04:39:12.955Z,0.4659067933471921
2025-10-02T04:42:10.483Z,0.46490860079696245
2025-10-02T04:45:13.844Z,0.46438511515050535
2025-10-02T04:48:16.426Z,0.4651487905168558
2025-10-02T04:51:17.691Z,0.4657165500238889
2025-10-02T04:54:12.325Z,0.4658393509022237
2025-10-02T04:57:11.368Z,0.4659118801829337
2025-10-02T05:00:19.323Z,0.46553617006733605
2025-10-02T05:03:06.798Z,0.4668394180786561
2025-10-02T05:06:10.988Z,0.46706544853906407
2025-10-02T05:09:11.099Z,0.4671143319839537
